{
      "0": [
            -380198.78547959565,
            7543585.296671457
      ],
      "1": [
            -378614.8538409454,
            7544956.150852413
      ],
      "2": [
            -378563.96970170387,
            7545517.784911551
      ],
      "3": [
            -378747.55780592014,
            7546185.316455301
      ],
      "4": [
            -378759.468991435,
            7546234.349621573
      ],
      "5": [
            -378776.89049174415,
            7546245.9172807075
      ],
      "6": [
            -378801.6256825984,
            7546282.687446651
      ],
      "7": [
            -378805.26582994737,
            7546294.235302572
      ],
      "8": [
            -378801.6813423438,
            7546359.328962429
      ],
      "9": [
            -378796.1264997532,
            7546370.16139588
      ],
      "10": [
            -378672.16111480584,
            7546411.642800323
      ],
      "11": [
            -378634.79116174654,
            7546383.4187250845
      ],
      "12": [
            -378537.0637807791,
            7546311.885071074
      ],
      "13": [
            -378327.15974893933,
            7546292.188091049
      ],
      "14": [
            -376017.580877604,
            7546160.59129654
      ],
      "15": [
            -374696.3632372259,
            7546023.948462877
      ],
      "16": [
            -374649.3196204167,
            7546016.276660775
      ],
      "17": [
            -374607.9310337397,
            7546009.876873157
      ],
      "18": [
            -373243.68841016997,
            7545849.406918954
      ],
      "19": [
            -371468.79931701295,
            7545838.893212838
      ],
      "20": [
            -371030.70146099606,
            7545982.74739777
      ],
      "21": [
            -370361.192647518,
            7546242.975675019
      ],
      "22": [
            -369422.9251874179,
            7546515.21809257
      ],
      "23": [
            -369036.03429716587,
            7546583.1559724985
      ],
      "24": [
            -369007.714618708,
            7546587.608329622
      ],
      "25": [
            -368861.31835636584,
            7546611.201890036
      ],
      "26": [
            -368849.7411293233,
            7546612.752269748
      ],
      "27": [
            -368619.3320472794,
            7546632.310932919
      ],
      "28": [
            -368379.61665580515,
            7546662.781998028
      ],
      "29": [
            -368286.4867698075,
            7546674.211163138
      ],
      "30": [
            -367507.8180636576,
            7546789.040429672
      ],
      "31": [
            -367365.429302984,
            7546817.345500748
      ],
      "32": [
            -367147.9555457702,
            7546869.344413751
      ],
      "33": [
            -366853.3039855895,
            7546943.348059526
      ],
      "34": [
            -366637.8005833628,
            7546993.916632724
      ],
      "35": [
            -366614.9132960557,
            7547025.6016705725
      ],
      "36": [
            -366587.78473614936,
            7547008.745373224
      ],
      "37": [
            -366298.79933805,
            7547081.994999674
      ],
      "38": [
            -366118.8736450809,
            7547113.243084961
      ],
      "39": [
            -366057.0801957415,
            7547110.3806596575
      ],
      "40": [
            -365994.7969406427,
            7547106.981530992
      ],
      "41": [
            -365817.0865055403,
            7547086.924714628
      ],
      "42": [
            -365704.2753335704,
            7547069.054512943
      ],
      "43": [
            -365660.8273363138,
            7547062.812872743
      ],
      "44": [
            -365467.5767002967,
            7547040.529860949
      ],
      "45": [
            -365290.3560709538,
            7547010.971674533
      ],
      "46": [
            -365193.94225997775,
            7546992.72397387
      ],
      "47": [
            -365040.7555086971,
            7546962.191970147
      ],
      "48": [
            -364759.25078037905,
            7546900.949429268
      ],
      "49": [
            -364639.3485568456,
            7546879.40234801
      ],
      "50": [
            -364519.85821542813,
            7546858.213118425
      ],
      "51": [
            -364516.6410821442,
            7546857.517413002
      ],
      "52": [
            -364399.8669363021,
            7546839.985657086
      ],
      "53": [
            -364335.7357776561,
            7546835.1554864505
      ],
      "54": [
            -363986.4931391903,
            7546862.287965738
      ],
      "55": [
            -363585.5759930984,
            7546950.62323474
      ],
      "56": [
            -363476.5496838154,
            7546965.133850649
      ],
      "57": [
            -362738.2565569763,
            7547192.973984112
      ],
      "58": [
            -362544.95026121376,
            7547285.825443694
      ],
      "59": [
            -362269.5347090421,
            7547367.307448017
      ],
      "60": [
            -361903.9503693279,
            7547437.876848344
      ],
      "61": [
            -361747.22365824005,
            7547464.872299869
      ],
      "62": [
            -361603.25416079717,
            7547489.760679249
      ],
      "63": [
            -361090.1380999346,
            7547543.851436184
      ],
      "64": [
            -361075.43279520085,
            7547546.455594675
      ],
      "65": [
            -360770.7402169506,
            7547597.823297924
      ],
      "66": [
            -360364.9918049582,
            7547679.825469508
      ],
      "67": [
            -360300.8940421594,
            7547682.74774483
      ],
      "68": [
            -360190.44284339424,
            7547634.758955824
      ],
      "69": [
            -360126.5120598317,
            7547612.414650752
      ],
      "70": [
            -359957.7071839928,
            7547565.877476232
      ],
      "71": [
            -359738.45231492637,
            7547585.716869499
      ],
      "72": [
            -359692.3103859925,
            7547589.573430839
      ],
      "73": [
            -359488.1393079286,
            7547611.281533806
      ],
      "74": [
            -359285.0146330781,
            7547633.904145806
      ],
      "75": [
            -358891.3555177859,
            7547666.088802404
      ],
      "76": [
            -358823.6955312817,
            7547664.319537367
      ],
      "77": [
            -358616.60788255895,
            7547658.276208171
      ],
      "78": [
            -358507.78194835945,
            7547656.009960946
      ],
      "79": [
            -358354.17218301387,
            7547652.3322804645
      ],
      "80": [
            -358271.8736834704,
            7547650.622656624
      ],
      "81": [
            -358079.2241727035,
            7547754.035702801
      ],
      "82": [
            -358043.20118548285,
            7547781.668412846
      ],
      "83": [
            -357911.7439988051,
            7547889.595969453
      ],
      "84": [
            -357898.3633960117,
            7547878.920437313
      ],
      "85": [
            -357827.6198596126,
            7547869.795552862
      ],
      "86": [
            -357805.5674684865,
            7547869.059996199
      ],
      "87": [
            -357559.82969256025,
            7547868.304559697
      ],
      "88": [
            -357494.61873485363,
            7547867.628642892
      ],
      "89": [
            -357468.0801682485,
            7547780.495511625
      ],
      "90": [
            -357468.14695994294,
            7547713.302485914
      ],
      "91": [
            -357439.13710064226,
            7547678.8712573955
      ],
      "92": [
            -357412.1087282776,
            7547670.044800982
      ],